id,last_name,first_name,email,company,phone,address1,address2,city,state,postal_code,country
1,Mayo,Leslie,vitae.aliquam.eros@nonnisiAenean.ca,Hendrerit LLP,705-5969,496-5176 Tincidunt St.,,Kupang,NT,2396 JI,"Korea, North"
2,Armstrong,Eleanor,Phasellus@pharetra.edu,In Aliquet Corporation,1-193-367-4590,602-5330 Velit Street,,Serang,Banten,29-211,Nicaragua
3,Fleming,Kasper,non.justo.Proin@Integertincidunt.edu,Facilisi Sed Foundation,559-4754,698 Erat Road,,Hengelo,Ov,88952,Saint Pierre and Miquelon
4,Sellers,Sawyer,nibh.Donec@egestasDuis.com,Nec Incorporated,1-286-709-4754,9979 Nonummy Ave,,Rezzoaglio,LIG,Z5284,Libya
5,Simon,Sarah,neque@adipiscing.com,Orci Foundation,216-3047,409-2909 Cursus. Rd.,,Bath,ON,12734,Sudan
6,Wiggins,Brianna,nec@musProin.com,Eu Corp.,1-737-230-2367,6112 Tellus Ave,,Robelmont,Luxemburg,C2E 0A5,Slovakia
7,Small,Melodie,turpis.In@enimCurabiturmassa.net,Sociis Natoque Associates,659-8573,"P.O. Box 373, 8652 Cum Rd.",,Bekasi,West Java,G6 7HH,Jamaica
8,Gay,Gregory,fringilla@Vivamussitamet.com,Imperdiet Limited,391-4929,817-8726 Fermentum Rd.,,Berlin,BE,7774,New Caledonia
9,Barlow,Flynn,Cum.sociis.natoque@cursus.edu,Nec Metus Company,919-0078,6288 Ac St.,,Kitchener,Ontario,93584,Croatia
10,Lang,Zephania,dignissim@erosnonenim.org,Sed Incorporated,1-422-836-7540,3851 Bibendum. Rd.,,Palu,Central Sulawesi,41115,Iceland
11,Harding,Kimberley,libero.mauris.aliquam@metusvitaevelit.net,Senectus Et Netus Foundation,1-147-173-6961,839-214 Posuere Avenue,,Skövde,Västra Götalands län,64682-41576,Mozambique
12,Wiley,Uma,netus@semmollisdui.org,Quisque PC,1-152-956-9974,1537 Lobortis Rd.,,Middelburg,Zl,46960,Saint Kitts and Nevis
13,Delacruz,Lois,ac@risusNunc.co.uk,Euismod Limited,1-327-524-6576,228-6869 Eu Avenue,,Elbląg,WM,02220,Uganda
14,Acevedo,Gareth,diam.luctus@magna.com,Ut PC,643-6363,"P.O. Box 574, 1696 Ipsum. Street",,Merrickville-Wolford,ON,3462,Faroe Islands
15,Espinoza,Jason,vitae.posuere.at@Maurisquisturpis.ca,Sit Amet Risus Limited,1-678-534-0939,Ap #343-8271 Sit Street,,Liverpool,NSW,746284,Bermuda
16,Burt,Driscoll,lectus.pede.et@utmolestie.org,Ridiculus Incorporated,423-5459,332-5597 Interdum Ave,,Nijmegen,Gl,57104,Ecuador
17,Saunders,Lacy,tincidunt.adipiscing.Mauris@dictumplacerataugue.co.uk,Consequat Lectus Sit Foundation,1-246-732-6467,"P.O. Box 470, 174 Phasellus St.",,Dublin,L,28954,Viet Nam
18,Glenn,Barbara,risus@duiCraspellentesque.org,Nascetur Ridiculus Associates,1-346-671-8635,"P.O. Box 145, 3660 Cursus. Road",,Miraj,MH,1262,Pakistan
19,Rowe,Sybil,felis@tristique.co.uk,Libero Foundation,801-8937,Ap #559-3548 Etiam Ave,,Augusta,GA,B6 2OH,Algeria
20,Austin,Ezra,in.hendrerit@Donecfeugiatmetus.co.uk,Sed Corporation,1-837-810-0638,2510 Et Ave,,Berlin,BE,377115,Bahrain
21,Stark,Emi,nec.urna.et@et.ca,Nam Consulting,1-164-624-2224,Ap #377-9353 Sit Ave,,Linz,OÖ.,71817,Taiwan
22,Wilcox,Alfreda,quam.Curabitur.vel@tempor.com,Ut Nisi A Foundation,1-796-343-4825,457-8132 Vehicula Ave,,Tonalá,Jal,20707,Guyana
23,Wilkerson,Amir,tincidunt.congue.turpis@rhoncusProin.net,Nascetur LLC,1-185-407-4159,"P.O. Box 597, 2856 Egestas Rd.",,Feldkirch,Vbg,22910,Viet Nam
24,Rasmussen,Dale,vitae@eratSednunc.com,Maecenas Libero PC,1-190-399-6600,133-9092 Dignissim Rd.,,Kenosha,Wisconsin,50105,Benin
25,Travis,Tatiana,quis.urna@laciniaSedcongue.org,Amet Ornare Foundation,1-383-559-1631,253-8719 Metus Av.,,Hoofddorp,Noord Holland,822430,British Indian Ocean Territory
26,Cortez,Anjolie,vel.est.tempor@et.ca,Ultrices Iaculis Odio Consulting,244-8454,"696-7867 Elit, Rd.",,Kursk,KRS,87-374,Benin
27,Mosley,Paul,diam.Proin@Quisqueaclibero.co.uk,Sed Nulla Inc.,807-1398,Ap #883-4356 Mauris Avenue,,Spijkenisse,Z.,17671-311,"Bonaire, Sint Eustatius and Saba"
28,Kane,Ann,ut.odio@leoinlobortis.ca,Adipiscing Elit Institute,1-173-533-8249,3754 Cursus St.,,Ottawa,ON,43246-209,Yemen
29,Lambert,Allegra,magna@sitametconsectetuer.net,Sapien Cras Incorporated,1-155-660-8566,"P.O. Box 852, 9166 Massa St.",,Hafizabad,Sindh,2322,Lithuania
30,Shaw,Erasmus,Donec.elementum@Phasellus.net,Maecenas Associates,1-577-333-9773,Ap #685-3377 Suspendisse St.,,Dangjin,Chu,5262,Paraguay
31,Rice,Travis,erat.neque@tristiquepharetra.org,Felis Nulla Tempor Foundation,163-2595,Ap #357-5897 Non Rd.,,Bello,Antioquia,04254,Georgia
32,Frye,Basia,tristique@molestie.net,Turpis Egestas Limited,1-882-606-6621,"Ap #321-8579 Purus, Av.",,Bad Vöslau,NÖ.,021693,Russian Federation
33,Calhoun,Quinn,augue.id@nec.ca,Sem Ut Cursus Corp.,1-698-530-0877,717 Nec St.,,Boryeong,Chu,3185,Greenland
34,Terrell,Aidan,at@Fusce.edu,Varius Ltd,390-8863,"417-8344 In, Ave",,Lanark County,Ontario,31431,Fiji
35,Bullock,Sarah,semper.et.lacinia@bibendumfermentummetus.ca,Morbi Quis Urna LLC,860-5702,7554 Amet Rd.,,Funtua,Katsina,198284,Uruguay
36,Velazquez,Nomlanga,fringilla.ornare@purusaccumsan.ca,Magna Limited,1-759-380-3126,Ap #467-2438 Purus. Avenue,,Norfolk,Virginia,32-391,Oman
37,Clay,Fitzgerald,lobortis.tellus@sed.ca,Fringilla Euismod Corp.,1-966-214-0954,"P.O. Box 279, 3986 Ultricies Road",,Amlwch,Anglesey,523695,Cape Verde
38,Roach,Marcia,eget@sagittisNullamvitae.com,Sapien Consulting,829-3573,923-8854 Ad Road,,Berlin,Berlin,Z2623,Lithuania
39,Greer,Hiroko,id.mollis@disparturient.com,Magna Corporation,972-7678,"P.O. Box 335, 787 Est, Street",,Jeongeup,North Jeolla,1391 LQ,Curaçao
40,Koch,Sage,vestibulum.lorem@arcuVestibulumante.co.uk,Magna Nec Quam Associates,770-9852,841-9343 Ut St.,,Macul,Metropolitana de Santiago,74300,Bermuda
41,Miller,Dante,sed.hendrerit@vitae.ca,Molestie PC,1-195-799-9054,839-8143 Parturient Road,,Uddevalla,Västra Götalands län,68450,Laos
42,Schneider,Riley,In@Loremipsumdolor.edu,Euismod Est Industries,516-7318,"6397 Aliquet, Rd.",,Campbeltown,Argyllshire,P9Y 7M3,Ukraine
43,Porter,Zachary,malesuada.id.erat@sapienNuncpulvinar.com,Eu Institute,1-792-801-9878,426-9338 Suspendisse St.,,Juárez,Chi,R17 9EY,Kenya
44,Fisher,Vivian,eleifend@acmetusvitae.com,Natoque Penatibus Limited,865-8983,"P.O. Box 509, 3106 Est St.",,Bekasi,West Java,L2K 3B6,Timor-Leste
45,Vazquez,Damon,odio@cursus.org,Nonummy Ultricies LLC,837-8581,"P.O. Box 244, 3806 Sem Ave",,Osasco,São Paulo,5764,Sierra Leone
46,Camacho,Jennifer,commodo.tincidunt@consectetuercursuset.co.uk,Faucibus Orci LLC,1-109-729-2876,"2203 Eu, St.",,Kano,KN,29318-24277,Seychelles
47,Bolton,Ian,ultrices.mauris@malesuadaaugueut.ca,Mauris Eu Elit Inc.,1-570-708-7597,Ap #754-1745 Donec Street,,Tver,TVE,13395,Nauru
48,Boyle,Madeson,neque@netusetmalesuada.org,Diam Vel Arcu PC,928-4103,617-8769 Nunc St.,,Yongin,Gye,6739,Cocos (Keeling) Islands
49,Osborn,Aiko,orci.lobortis@diameu.edu,Aliquet Corp.,1-280-231-2465,Ap #392-162 Ipsum. Street,,Berlin,Berlin,QV6 7TK,Bangladesh
50,Garrett,Sara,ultrices.iaculis.odio@dui.ca,Porttitor Consulting,983-3879,3198 Dolor. Rd.,,Millet,AB,5056,"Bonaire, Sint Eustatius and Saba"
51,Nguyen,Briar,Proin.nisl.sem@arcu.net,Aenean Corp.,1-294-502-4049,"P.O. Box 766, 5265 Eu Street",,Bremen,HB,8765,Bhutan
52,Gallagher,Gloria,Cum.sociis@porttitor.co.uk,Aliquam Ornare Libero Corporation,1-177-804-9410,532-9652 Vitae Ave,,Manukau,North Island,5941,Ghana
53,Mullen,Jordan,ipsum.Phasellus@pede.net,Tellus Incorporated,945-9280,"P.O. Box 781, 4017 Enim. Avenue",,Guadalajara,Jalisco,68812,Falkland Islands
54,Cabrera,Laith,semper.erat@Proin.com,Mauris Quis Corp.,1-823-703-9345,526-9472 Morbi Av.,,Alajuela,Alajuela,12860,Malawi
55,Becker,Laura,penatibus.et.magnis@nuncrisusvarius.edu,Ornare PC,1-402-400-5187,"Ap #927-4659 Eleifend, Avenue",,Qambar Shahdadkot,Sindh,69992-92738,Papua New Guinea
56,Petersen,Megan,Aliquam@feugiat.ca,Scelerisque Scelerisque Ltd,974-2881,6458 Dictum Avenue,,Bozeman,Montana,50817,Madagascar
57,Hicks,Tamara,per.conubia.nostra@aliquamarcuAliquam.edu,Fusce Limited,1-441-435-4308,381-6300 Etiam St.,,San Rafael,SJ,04509,Northern Mariana Islands
58,Page,Benedict,felis@velit.com,Diam Luctus LLP,1-475-611-2787,712-2311 Faucibus Rd.,,Sagar,Madhya Pradesh,Z8341,Papua New Guinea
59,Gibbs,Colin,ligula.Aliquam.erat@Maurisblandit.ca,Luctus Ut Industries,1-261-438-1876,5389 Ligula Street,,Hamburg,Hamburg,H7 8VW,Guam
60,Goodwin,Amir,eu.metus@Suspendissenonleo.ca,Orci Ut Sagittis Corp.,677-9601,"Ap #656-8060 Magna, Av.",,Salvador,Bahia,71100,Equatorial Guinea
61,Barrera,Gary,dictum.augue.malesuada@tempordiamdictum.co.uk,Nisi Aenean Eget Incorporated,1-220-438-8889,598 Vel Rd.,,Palma de Mallorca,BA,27878-79046,British Indian Ocean Territory
62,Alston,Raja,eros.Nam@molestiearcu.com,Mi Aliquam Gravida Consulting,587-3033,977 Parturient St.,,Kendari,SG,86684,Lebanon
63,Pitts,Renee,luctus@Donec.co.uk,Convallis In Corporation,1-944-958-1635,692-9166 Sollicitudin St.,,Patarrá,San José,36342,Taiwan
64,Vasquez,Lacy,ligula@felisNulla.org,Euismod Associates,1-778-434-1630,"P.O. Box 587, 4553 Magnis Avenue",,Bydgoszcz,Kujawsko-pomorskie,48-851,Belize
65,Barrett,Miranda,neque@orciconsectetuereuismod.co.uk,Sit Corporation,217-6704,6152 Maecenas Ave,,Huancayo,JUN,08086-943,Jersey
66,Walls,Oscar,ut@nequeMorbi.net,Dui Consulting,459-7151,1879 Dignissim Av.,,Aurora,ON,892739,Algeria
67,Scott,Amethyst,Nulla.facilisis@mifelis.org,Senectus Institute,1-702-811-0853,Ap #152-2480 Nulla. Rd.,,Uyo,Akwa Ibom,74871,Mauritania
68,Logan,Lila,ac.libero.nec@arcueu.edu,Iaculis Enim Corporation,816-0123,Ap #256-5150 Egestas. Street,,Sevilla,AN,1106,British Indian Ocean Territory
69,Becker,Stewart,malesuada.malesuada@utsemNulla.com,Lectus Convallis Associates,1-463-461-4495,133-5760 Nisi Road,,Vienna,Wie,32760,Montenegro
70,Ortiz,Ayanna,Donec.est@placeratvelitQuisque.edu,Morbi LLP,527-2948,451-9689 Faucibus St.,,Gijón,AS,9104,Yemen
71,Wagner,Leah,risus.Nunc@posuerevulputate.org,Erat Vel Pede Incorporated,746-5903,"Ap #580-5750 Amet, St.",,Böblingen,Baden Württemberg,51017,Iraq
72,Baldwin,Sonia,ut.nisi@dui.com,Nibh Inc.,1-852-220-8289,"P.O. Box 567, 7301 Ante Avenue",,Pointe-du-Lac,QC,41206,Chile
73,Howard,Melyssa,Nulla.interdum.Curabitur@cursusvestibulumMauris.com,Suspendisse Associates,401-3681,"658-3346 Dolor, Avenue",,Cupar,Fife,89889,United Kingdom (Great Britain)
74,Norman,Aurora,dolor.sit@nonlorem.org,Sollicitudin A Foundation,1-392-775-9340,3286 Nascetur Rd.,,Bairnsdale,VIC,31532,Micronesia
75,Kelley,Chelsea,magna.Praesent.interdum@aliquetvel.co.uk,Habitant Inc.,831-5157,"P.O. Box 580, 6087 Sodales St.",,Tehuacán,Puebla,996899,Macedonia
76,Carr,Daria,amet.consectetuer.adipiscing@bibendumDonec.org,Ut Eros Non Incorporated,1-889-491-9668,"P.O. Box 154, 7805 Pretium St.",,Valdivia,Los Ríos,73085,"Korea, South"
77,Salazar,Marcia,nulla@velitPellentesqueultricies.ca,Est Industries,814-7610,"959-4855 Sed, St.",,Zaria,Kaduna,261575,Zambia
78,Snow,Shelby,convallis@inceptoshymenaeos.edu,Lacus Aliquam Rutrum LLP,816-0708,277-9026 Phasellus Rd.,,Berlin,BE,4550,Northern Mariana Islands
79,Huff,Jarrod,ligula.eu.enim@cursusdiamat.co.uk,Vel Est Tempor Institute,1-410-530-3239,"P.O. Box 559, 3870 Nam Rd.",,Bydgoszcz,Kujawsko-pomorskie,37361,France
80,Ayers,Kylie,in.consequat@montesnascetur.org,Neque Morbi Foundation,1-671-499-6317,8978 Netus Rd.,,Alcalá de Henares,MA,77467,Hong Kong
81,Cervantes,Sara,semper.auctor@netuset.co.uk,Nibh Company,970-4637,761-219 Sagittis. St.,,Inverbervie,KC,598207,Botswana
82,Espinoza,Isabelle,tempus@duiCraspellentesque.ca,Etiam Vestibulum LLP,396-2664,1356 At Ave,,San Rafael,A,KK5 8UU,Angola
83,Dorsey,Xantha,lacinia@Proinultrices.ca,Tempus Ltd,934-7975,619-9188 Sem. Ave,,Cork,M,5844 OS,South Georgia and The South Sandwich Islands
84,Carrillo,Bianca,odio@adipiscingligula.edu,Purus Institute,970-7789,582 Aliquet St.,,Wichita,Kansas,99865,Malawi
85,Gay,Jamalia,Nunc.mauris@enimcondimentum.com,Molestie Institute,960-6301,"P.O. Box 153, 7709 Erat. Avenue",,Castelló,Comunitat Valenciana,31-733,Bosnia and Herzegovina
86,Davenport,Fletcher,sem.semper.erat@Nullainterdum.ca,Ipsum Dolor LLP,150-8401,5063 Pharetra Rd.,,Cockburn,WA,FF25 0WU,Bouvet Island
87,Mathews,Zena,ipsum@lobortisClass.ca,Interdum Curabitur Dictum Ltd,1-157-652-1817,605 Nunc Street,,Picton,SI,40214,Nicaragua
88,Alexander,Alexis,neque.et.nunc@sagittis.com,Hendrerit Institute,119-0857,973-2783 Enim. Street,,Kharmang,GB,2793,South Africa
89,Parrish,Abdul,quam@egestasAliquamfringilla.co.uk,Quam Institute,1-880-855-0676,Ap #516-8618 Nec Road,,Kalisz,Wielkopolskie,740359,Malta
90,Landry,Venus,mauris.eu@imperdietdictummagna.co.uk,Nulla Cras Foundation,1-724-809-6431,"512-9107 Ornare, Road",,Istanbul,Ist,78718,Bulgaria
91,Hobbs,Alika,auctor@gravidasit.net,Molestie PC,1-109-892-7396,"P.O. Box 613, 5513 Cursus, Road",,Tarnów,MP,Y9H 5Y1,Nigeria
92,Larsen,Mallory,Nunc.mauris@Nullamut.ca,Ultrices A PC,1-962-519-8986,791-9761 Ipsum. St.,,Heusweiler,Saarland,8422,Taiwan
93,Sparks,Kaitlin,Sed.eget@hendreritDonec.com,Ridiculus Mus Aenean LLP,1-161-744-1068,3400 Nisi St.,,Vienna,Vienna,21889-18556,Kazakhstan
94,Hicks,Micah,ac.nulla@Fusce.edu,Sed PC,605-4049,Ap #734-382 Donec Rd.,,La Unión,Los Ríos,078386,Uruguay
95,Lloyd,Beatrice,Vestibulum.accumsan@eu.com,Eget Varius Ultrices Foundation,892-7997,Ap #921-4731 Aliquam Ave,,Fortaleza,Ceará,5017,Uganda
96,Le,Anne,feugiat.non.lobortis@etpedeNunc.com,Dolor Donec PC,1-860-665-1060,Ap #746-6909 Posuere Street,,Knoxville,TN,RZ3Z 2HD,Cayman Islands
97,Pace,Clinton,ut@nislNullaeu.co.uk,In Faucibus Consulting,742-5557,"P.O. Box 773, 2566 Neque Ave",,Sargodha,PU,50-493,Costa Rica
98,Alford,Charde,taciti@aliquet.ca,Purus PC,651-1099,"P.O. Box 179, 6264 Nisi Rd.",,Alingsås,Västra Götalands län,Z7213,Malta
99,Lott,Lester,dis@ipsum.com,Ac Inc.,1-504-803-2812,Ap #967-8836 Odio Ave,,Bhuj,Gujarat,10587,United Arab Emirates
100,Hobbs,Stella,hendrerit.a@dui.ca,Proin Mi Consulting,274-6539,"5749 Ullamcorper, Rd.",,Fortaleza,Ceará,8472,Yemen